Account Name,
Apixio,
Jonajo,
Ludei,
Edthena,
Loudr,
Mixpanel,
Netpulse,
Slice Technologies,
Hiplead,
mNectar,
Apigee,
Coinbase,
ENFOS,
Maestro.io,
Pathbrite,
8Tracks,
BigCommerce,
RealtyShares,
Advertising Specialty Institute,
Sidewire,
IrisVR,
Periscope Data,
NURX,
Two Sigma,
Liveli,
Plivo,
PagerDuty,
Machine Zone,
Docurated,
Doximity,
Invest Forward,
Common Census,
Parlio,
BetterHelp,
Civil Maps,
Axiom Zen,
AeroFS,
Simply Hired,
Slack,
Practice IQ (Balanced Labs),
Beeyond,
Adara Media,
Autodesk,
Blackbird Technologies,
Blue Shell,
CheckMate,
Clever,
Creativebug,
ZypMedia,
FiveStars,
GearLaunch,
Hint Health,
Inkling,
Intro (formally Workalytics),
Onor,
ScriptRock,
Shipwire,
Stitch Fix,
Stroll Health,
Fixstream,
Fundly (NonProfitEasy),
FunnelEnvy,
Green Dot,
Kumu,
Exampl,
Mavenlink,
Mimosa Networks,
Mindbits,
Pixc,
Place,
Recurly,
SYNQY,
Vida Health,
Zendesk,
Tachyus,
Teespring,
The Real Real,
UserTesting,
Vertical Response,
Yiftee,
Vantage Sports,
WorkSpan,
Captricity,
Cask.co,
Crunchyroll,
CoverHound,
Qubit,
Educents,
Extole,
Bolt Threads,
Luxe,
Pariveda Solutions,
AdsNative,
BloomSky,
Blurb,
Breeze Labs,
Creative Channel Services,
Dailymotion,
Gliffy,
Jolata,
Life Assistant Technologies,
Manhattan Prep (Kaplan),
Nyansa,
Sapho,
Soldsie,
Vulcun,
Ziploop,
ActivityHero,
Appbackr,
Indiegogo,
Pearlshare,
Sauce Labs,
SFG Media,
Sipree,
Velope,
Wealthfront,
Weddington Way,
Chartboost,
OnCourse Systems for Education,
NoRedInk,
OSIsoft,
AltspaceVR,
Oomami,
Carlypso,
Lacework,
451 Degrees,
BuildingConnected,
Model N,
Upstart,
Walker & Co. Brands,
Amazon,
Hero Digital,
ZG Collective,
Brainrush,
French Girls App,
Rhubarb Studios,
The Human Diagnosis Project,
Siberia,
SoFi,
Exabeam,
Self Lender,
Rover Pass,
TourConnect,
Kandid.ly,
Archer Malmo,
Self Lender,
TicketCity,
Kwelia,
NovoDiaGroup,
Booz Allen Hamilton,
The Magazine Channel,
WP Engine,
XO Group,
Microsoft,
Lithium,
Yammer,
ThoughtBot,
Springbox,
BlackLocus,
Clutch Analytics,
FoundersCard,
Lonely Planet,
Rebilly,
Front Gate Tickets,
Oseberg,
Q2ebanking,
The Advisory Board,
Indeed,
LIVESTRONG,
Abilitie,
Bazaarvoice,
BuildASign,
Charles Schwab,
CollectivePoint LLC,
ESO Solutions,
Everfest,
WikiBuy,
KeyStoke,
Local Libations,
ATXware,
Aliya Financial Technologies aka.Pennyedge,
Verb,
Tripchamp,
Dropoff,
Final Phase Systems,
IceBreaker Health,
FirstREX,
MightyHive,
TruckerLine,
Strongloop,
AnalyticsMD,
GSPANN,
One North,
Restless Bandit,
Roostify,
VentureBeat,
Yerdle,
BlueTalon,
Hightail,
Clara Labs,
Funding Circle,
Lateral.ly,
3TEN8,
Cloud Physics,
Connect,
Movoto,
Boomtrain,
Brigade,
APN,
Kiip,
Maker,
Vevo,
Experticity,
RED Interactive Agency,
Tradesy,
Horizon Esports,
Bizzy,
Codazen,
Doppio Group,
Canva,
Lever,
Quest Nutrition,
AdRise,
Aviso,
Minted,
OpenTable,
Syapse,
EAT Club,
InkaBinka,
KISSmetrics,
Man Crates,
Minerva Project,
MuleSoft,
Popsugar,
Pure Energies,
RethinkDB,
Scripted,
Segment.io,
SolarCity,
Steelbrick,
Loup,
Merchant Atlas,
Reputation.com,
Swisscom Cloud Lab,
Vertical Mass,
Yuzu,
Art.com,
Avi Networks,
Binwise,
Blend Labs,
Brandcast,
ClassDojo,
GlassLab Games,
GoGoGab,
DocuSign,
Komprise,
LEVEL Studios,
Choice Hotels,
NodePrime,
Famous Industries,
Hearsay Social,
aboutLife,
Macys.com,
AccelOps,
Acupera,
Asana,
Bina Technologies,
Change.org,
Digital Insight,
Entertainment Partners,
eShares,
HelloSign,
Intuit,
Left Field Labs,
Lumiata,
MetroDigi,
MyVest,
Neustar,
Nisum Technologies,
Pantry Labs,
Revinate,
ROI DNA,
Brand Networks,
Traction Labs,
Tripping,
Vitagene,
Weather Underground,
JP Morgan Chase,
Munchery,
Cisco,
Pomello,
EDGE3 Technologies,
JPMC,
Chase,
